session_id,requests,success,failed,success_rate,latency_min_ms,latency_mean_ms,latency_p50_ms,latency_p95_ms,latency_max_ms,total_latency_ms,top_error_type,top_error_count
tenantA-user-0213,10,10,0,1.0,39997,55729.4,56863.5,66093.0,66633,557294,,0
tenantA-user-0203,10,8,2,0.8,41684,55471.2,50436.0,72351.25,72835,554712,ReadTimeout,2
tenantA-user-0217,10,8,2,0.8,43410,55090.5,54060.0,66995.05,68863,550905,ReadTimeout,2
tenantA-user-0202,10,7,3,0.7,41009,54389.8,50222.0,68364.1,69004,543898,ReadTimeout,2
tenantA-user-0204,10,10,0,1.0,42229,54299.4,54703.5,69078.55,70366,542994,,0
tenantA-user-0154,10,9,1,0.9,40055,54269.7,56105.5,65397.25,66637,542697,ReadTimeout,1
tenantA-user-0211,10,10,0,1.0,37646,54062.5,54220.5,69940.65,73308,540625,,0
tenantA-user-0207,10,8,2,0.8,39265,53482.1,51101.0,72170.15,75920,534821,ReadTimeout,2
tenantA-user-0199,10,9,1,0.9,36929,53480.5,51523.0,73030.75,73537,534805,ReadTimeout,1
tenantA-user-0216,10,7,3,0.7,41602,53397.3,52559.5,62903.95,64222,533973,ReadTimeout,3
tenantA-user-0209,10,9,1,0.9,27887,52909.8,53440.5,71152.7,72068,529098,rate_limit_error,1
tenantA-user-0214,10,8,2,0.8,41368,52463.4,50394.5,64564.5,64848,524634,ReadTimeout,2
tenantA-user-0212,10,8,2,0.8,37479,52414.5,50605.0,67935.8,68546,524145,ReadTimeout,2
tenantA-user-0210,10,7,3,0.7,28307,52391.9,51207.0,66613.9,66937,523919,ReadTimeout,2
tenantA-user-0208,10,10,0,1.0,38292,52390.6,51539.5,70146.5,72167,523906,,0
tenantA-user-0219,10,4,6,0.4,42910,52376.3,50288.5,64053.55,64243,523763,ReadTimeout,6
tenantA-user-0205,10,9,1,0.9,27738,51855.8,48980.0,68618.95,71431,518558,rate_limit_error,1
tenantA-user-0186,10,10,0,1.0,32981,51542.9,50619.5,66170.4,67497,515429,,0
tenantA-user-0188,10,9,1,0.9,37447,51378.5,50877.0,61817.8,63526,513785,ReadTimeout,1
tenantA-user-0190,10,8,2,0.8,42807,51325.7,50235.0,65710.85,69251,513257,ReadTimeout,2
tenantA-user-0160,10,9,1,0.9,35474,51281.8,54782.0,64915.2,67797,512818,ReadTimeout,1
tenantA-user-0176,10,9,1,0.9,31134,51046.4,50371.0,65232.2,70076,510464,rate_limit_error,1
tenantA-user-0172,10,10,0,1.0,29936,50933.8,55517.5,61549.2,62856,509338,,0
tenantA-user-0201,10,8,2,0.8,31423,50820.6,50177.0,63704.3,64661,508206,rate_limit_error,1
tenantA-user-0215,10,9,1,0.9,37785,50592.8,49352.5,68803.8,71043,505928,rate_limit_error,1
tenantA-user-0206,10,9,1,0.9,40242,50500.4,47981.0,66057.5,67052,505004,ReadTimeout,1
tenantA-user-0197,10,8,2,0.8,35611,50221.4,50690.5,59148.1,60427,502214,ReadTimeout,2
tenantA-user-0173,10,10,0,1.0,42987,50193.2,49404.5,59509.45,60535,501932,,0
tenantA-user-0194,10,8,2,0.8,32853,50173.6,49936.5,68081.3,68966,501736,ReadTimeout,1
tenantA-user-0198,10,10,0,1.0,33898,50142.5,49173.5,62955.3,64191,501425,,0
tenantA-user-0191,10,8,2,0.8,25312,50048.5,50281.0,62477.15,63041,500485,ReadTimeout,1
tenantA-user-0187,10,9,1,0.9,32812,49977.6,47906.5,70394.0,73805,499776,ReadTimeout,1
tenantA-user-0161,10,8,2,0.8,31496,49792.4,49500.0,63180.9,64638,497924,ReadTimeout,2
tenantA-user-0081,10,9,1,0.9,26651,49745.5,51361.5,65166.55,65608,497455,ReadTimeout,1
tenantA-user-0181,10,9,1,0.9,32352,49319.3,51863.5,58386.7,58726,493193,ReadTimeout,1
tenantA-user-0174,10,7,3,0.7,34414,49010.6,50274.5,61707.05,63026,490106,ReadTimeout,3
tenantA-user-0177,10,10,0,1.0,35772,48974.3,48084.5,64227.75,70494,489743,,0
tenantA-user-0192,10,9,1,0.9,33351,48915.2,46829.5,65987.5,72220,489152,rate_limit_error,1
tenantA-user-0170,10,10,0,1.0,32603,48878.9,46406.0,66238.2,69498,488789,,0
tenantA-user-0200,10,9,1,0.9,37387,48848.0,49041.5,65001.25,67609,488480,ReadTimeout,1
tenantA-user-0218,10,8,2,0.8,24858,48758.7,50363.5,61399.5,66003,487587,ReadTimeout,2
tenantA-user-0195,10,9,1,0.9,33454,48721.1,49098.5,63488.75,63689,487211,ReadTimeout,1
tenantA-user-0178,10,10,0,1.0,29835,48707.0,46753.5,66437.45,70190,487070,,0
tenantA-user-0183,10,9,1,0.9,44068,48625.9,46387.0,56803.6,59293,486259,ReadTimeout,1
tenantA-user-0196,10,9,1,0.9,35344,48126.7,47064.0,58126.75,58381,481267,ReadTimeout,1
tenantA-user-0155,10,8,2,0.8,35206,48059.0,49928.0,58166.9,60065,480590,ReadTimeout,2
tenantA-user-0179,10,10,0,1.0,38913,47745.4,45604.5,60253.5,62508,477454,,0
tenantA-user-0164,10,9,1,0.9,27367,47492.0,49253.0,60848.35,61432,474920,ReadTimeout,1
tenantA-user-0182,10,7,3,0.7,23792,47487.0,50133.0,59345.5,61717,474870,ReadTimeout,2
tenantA-user-0085,10,9,1,0.9,23747,47402.5,48457.0,63187.4,63740,474025,ReadTimeout,1
tenantA-user-0150,10,8,2,0.8,31641,47349.1,42230.5,67189.3,69667,473491,rate_limit_error,1
tenantA-user-0086,10,9,1,0.9,24814,47154.7,49232.0,63435.7,63784,471547,ReadTimeout,1
tenantA-user-0169,10,8,2,0.8,21993,47017.0,42642.0,69073.1,69929,470170,rate_limit_error,1
tenantA-user-0167,10,8,2,0.8,31342,46839.9,48475.5,55010.15,55529,468399,ReadTimeout,2
tenantA-user-0157,10,7,3,0.7,19745,46711.7,45636.5,66409.1,68417,467117,ReadTimeout,2
tenantA-user-0193,10,8,2,0.8,27140,46497.0,48514.5,57805.3,60418,464970,ReadTimeout,1
tenantA-user-0078,10,7,3,0.7,20182,46418.6,49140.0,63780.3,65592,464186,ReadTimeout,2
tenantA-user-0175,10,10,0,1.0,29679,46226.9,44307.5,61975.5,64383,462269,,0
tenantA-user-0151,10,8,2,0.8,19959,46063.8,49442.0,64479.5,67049,460638,ReadTimeout,1
tenantA-user-0185,10,8,2,0.8,30576,46026.5,45939.5,60072.4,63163,460265,rate_limit_error,2
tenantA-user-0189,10,10,0,1.0,33865,45688.7,40400.0,61638.45,62322,456887,,0
tenantA-user-0149,10,9,1,0.9,35775,45525.4,43921.5,59209.8,61161,455254,ReadTimeout,1
tenantA-user-0142,10,8,2,0.8,19915,45486.7,40921.0,62863.4,63614,454867,ReadTimeout,1
tenantA-user-0123,10,10,0,1.0,26516,45388.0,45702.0,61191.4,62464,453880,,0
tenantA-user-0171,10,8,2,0.8,30404,45270.3,44640.0,62668.0,68959,452703,ReadTimeout,1
tenantA-user-0148,10,9,1,0.9,32857,45188.0,43186.0,61679.55,66963,451880,ReadTimeout,1
tenantA-user-0162,10,10,0,1.0,39999,45175.1,44924.0,50511.35,52337,451751,,0
tenantA-user-0166,10,10,0,1.0,30615,45054.0,42499.5,56367.25,56653,450540,,0
tenantA-user-0180,10,9,1,0.9,31637,44981.5,44364.0,55505.15,56708,449815,ReadTimeout,1
tenantA-user-0146,10,7,3,0.7,30169,44871.8,43512.0,62602.05,63381,448718,rate_limit_error,2
tenantA-user-0168,10,9,1,0.9,28875,44646.5,41847.0,58648.85,62936,446465,ReadTimeout,1
tenantA-user-0163,10,8,2,0.8,20072,44633.9,46471.0,61219.85,69818,446339,ReadTimeout,1
tenantA-user-0159,10,9,1,0.9,25548,44454.6,41684.0,62376.2,64547,444546,rate_limit_error,1
tenantA-user-0102,10,9,1,0.9,20095,44383.8,43472.5,64284.4,65386,443838,ReadTimeout,1
tenantA-user-0145,10,9,1,0.9,28735,44379.5,42008.0,59013.65,60419,443795,ReadTimeout,1
tenantA-user-0144,10,8,2,0.8,29675,44219.5,45114.5,60843.8,60941,442195,ReadTimeout,2
tenantA-user-0139,10,10,0,1.0,30514,44191.8,40149.5,61408.65,64596,441918,,0
tenantA-user-0153,10,8,2,0.8,22505,44137.6,45869.5,54514.85,56066,441376,ReadTimeout,1
tenantA-user-0184,10,8,2,0.8,24050,44013.5,45653.0,55342.8,55872,440135,rate_limit_error,2
tenantA-user-0158,10,10,0,1.0,32360,43881.6,44847.5,54601.25,57245,438816,,0
tenantA-user-0133,10,10,0,1.0,27309,43771.0,38944.5,63920.2,64624,437710,,0
tenantA-user-0141,10,9,1,0.9,34677,43706.4,42799.5,55992.65,60665,437064,ReadTimeout,1
tenantA-user-0130,10,8,2,0.8,27428,43586.0,38485.0,63820.9,69643,435860,ReadTimeout,2
tenantA-user-0143,10,9,1,0.9,29443,43268.2,40823.5,57741.85,58177,432682,ReadTimeout,1
tenantA-user-0116,10,9,1,0.9,22191,43080.5,42489.0,63398.4,66552,430805,ReadTimeout,1
tenantA-user-0074,10,9,1,0.9,27582,42765.2,44660.5,59620.8,67377,427652,ReadTimeout,1
tenantA-user-0122,10,10,0,1.0,23058,42703.7,41843.0,62619.0,64635,427037,,0
tenantA-user-0103,10,8,2,0.8,27726,42532.3,40237.0,60150.45,63309,425323,ReadTimeout,1
tenantA-user-0156,10,10,0,1.0,28203,42409.3,41493.0,54849.25,57961,424093,,0
tenantA-user-0137,10,7,3,0.7,20109,42197.8,39866.0,63690.15,66144,421978,rate_limit_error,2
tenantA-user-0083,10,9,1,0.9,24077,42122.2,42865.0,57149.55,58653,421222,rate_limit_error,1
tenantA-user-0165,10,8,2,0.8,26545,41937.4,40110.5,60292.55,68618,419374,ReadTimeout,1
tenantA-user-0152,10,8,2,0.8,29078,41654.1,42375.0,51586.15,52510,416541,rate_limit_error,1
tenantA-user-0134,10,9,1,0.9,32952,41628.8,37638.0,53779.15,54379,416288,ReadTimeout,1
tenantA-user-0039,10,10,0,1.0,15040,41476.8,44080.5,56515.5,56745,414768,,0
tenantA-user-0077,10,9,1,0.9,22146,41191.6,42863.5,58199.95,58582,411916,ReadTimeout,1
tenantA-user-0126,10,9,1,0.9,29651,41111.2,40513.0,54609.4,55612,411112,ReadTimeout,1
tenantA-user-0075,10,9,1,0.9,19580,41110.4,39755.0,64331.4,66036,411104,rate_limit_error,1
tenantA-user-0128,10,10,0,1.0,24779,41041.4,38114.5,55832.45,56372,410414,,0
tenantA-user-0090,10,10,0,1.0,21564,41032.3,41512.5,55036.6,56293,410323,,0
tenantA-user-0069,10,6,4,0.6,20732,41000.9,39490.0,63884.55,65073,410009,ReadTimeout,3
tenantA-user-0055,10,10,0,1.0,21897,40941.6,33219.5,62957.3,63050,409416,,0
tenantA-user-0131,10,8,2,0.8,19815,40827.2,35618.5,63637.7,66335,408272,ReadTimeout,1
tenantA-user-0094,10,6,4,0.6,19225,40824.5,39884.0,61412.9,61898,408245,ReadTimeout,2
tenantA-user-0107,10,7,3,0.7,25403,40648.2,42583.0,54789.75,58518,406482,ReadTimeout,3
tenantA-user-0072,10,9,1,0.9,22993,40595.3,45523.0,50582.85,50901,405953,ReadTimeout,1
tenantA-user-0091,10,7,3,0.7,19095,40593.2,38466.0,58260.15,61713,405932,ReadTimeout,2
tenantA-user-0080,10,10,0,1.0,19675,40568.2,40581.5,62442.65,68204,405682,,0
tenantA-user-0043,10,8,2,0.8,16737,40563.4,41478.5,59209.2,60165,405634,ReadTimeout,2
tenantA-user-0136,10,10,0,1.0,30484,40227.3,39307.0,55039.45,60493,402273,,0
tenantA-user-0089,10,7,3,0.7,19700,40187.1,37910.5,58123.15,62701,401871,ReadTimeout,2
tenantA-user-0026,10,9,1,0.9,19602,40172.5,40031.0,59195.5,60199,401725,ReadTimeout,1
tenantA-user-0147,10,10,0,1.0,27444,39765.3,41171.0,50706.0,52722,397653,,0
tenantA-user-0044,10,9,1,0.9,27084,39730.8,41253.0,51068.4,51846,397308,ReadTimeout,1
tenantA-user-0112,10,9,1,0.9,29138,39681.6,36046.0,58901.45,60278,396816,ReadTimeout,1
tenantA-user-0045,10,10,0,1.0,15850,39679.4,44915.5,54537.4,56602,396794,,0
tenantA-user-0054,10,10,0,1.0,22767,39487.7,37946.5,56699.85,58665,394877,,0
tenantA-user-0140,10,9,1,0.9,20246,39441.0,39059.5,56475.95,58325,394410,rate_limit_error,1
tenantA-user-0073,10,9,1,0.9,24288,39316.4,38887.5,55092.7,57142,393164,ReadTimeout,1
tenantA-user-0104,10,6,4,0.6,19610,39157.9,40146.5,56236.1,57065,391579,ReadTimeout,4
tenantA-user-0118,10,10,0,1.0,28352,39131.7,31976.5,64872.75,71103,391317,,0
tenantA-user-0105,10,8,2,0.8,14416,39109.0,29451.0,64799.05,68242,391090,ReadTimeout,1
tenantA-user-0082,10,10,0,1.0,20438,38959.0,33207.0,55599.4,57259,389590,,0
tenantA-user-0084,10,9,1,0.9,11998,38819.0,40836.0,55733.1,56742,388190,rate_limit_error,1
tenantA-user-0062,10,10,0,1.0,23588,38805.5,37767.0,53667.25,56050,388055,,0
tenantA-user-0138,10,10,0,1.0,24690,38783.9,39077.5,51477.65,51623,387839,,0
tenantA-user-0121,10,9,1,0.9,26685,38729.6,33422.0,55232.4,59358,387296,ReadTimeout,1
tenantA-user-0115,10,10,0,1.0,22347,38702.4,36687.5,54663.25,56740,387024,,0
tenantA-user-0135,10,10,0,1.0,25890,38577.8,36094.0,57612.6,61650,385778,,0
tenantA-user-0114,10,9,1,0.9,21786,38276.8,34097.5,57538.65,63507,382768,ReadTimeout,1
tenantA-user-0124,10,9,1,0.9,21992,38261.1,32478.0,62461.0,67042,382611,ReadTimeout,1
tenantA-user-0036,10,9,1,0.9,20068,38130.6,36478.5,57335.85,60831,381306,ReadTimeout,1
tenantA-user-0070,10,9,1,0.9,24304,38044.5,35424.5,53651.95,56383,380445,ReadTimeout,1
tenantA-user-0060,10,9,1,0.9,10794,37993.7,36445.5,61459.8,62880,379937,rate_limit_error,1
tenantA-user-0127,10,10,0,1.0,27273,37930.0,34631.5,55379.5,56203,379300,,0
tenantA-user-0056,10,10,0,1.0,22472,37802.6,29472.0,55599.15,55803,378026,,0
tenantA-user-0125,10,9,1,0.9,20108,37788.7,32537.0,59903.9,66698,377887,rate_limit_error,1
tenantA-user-0132,10,9,1,0.9,19172,37770.8,36572.5,58008.1,62428,377708,rate_limit_error,1
tenantA-user-0061,10,8,2,0.8,11532,37357.8,32062.0,63106.8,66993,373578,ReadTimeout,1
tenantA-user-0113,10,8,2,0.8,25015,37327.3,32220.5,59413.05,59544,373273,ReadTimeout,2
tenantA-user-0071,10,10,0,1.0,14423,37099.3,33669.0,59716.25,67913,370993,,0
tenantA-user-0020,10,8,2,0.8,19499,37029.0,30326.5,63946.45,66178,370290,ReadTimeout,1
tenantA-user-0092,10,9,1,0.9,19496,36939.5,35521.5,55416.45,55704,369395,rate_limit_error,1
tenantA-user-0076,10,9,1,0.9,22172,36808.1,31244.0,56574.0,59706,368081,ReadTimeout,1
tenantA-user-0110,10,9,1,0.9,23553,36798.8,31860.0,57554.85,59232,367988,ReadTimeout,1
tenantA-user-0041,10,9,1,0.9,12462,36790.4,30494.0,57163.1,59468,367904,ReadTimeout,1
tenantA-user-0033,10,9,1,0.9,19807,36743.7,33866.0,56617.65,61911,367437,ReadTimeout,1
tenantA-user-0093,10,8,2,0.8,18354,36704.5,31683.0,54910.3,55075,367045,ReadTimeout,1
tenantA-user-0037,10,9,1,0.9,17745,36680.4,35023.5,55892.8,59014,366804,rate_limit_error,1
tenantA-user-0095,10,10,0,1.0,19927,36659.2,33277.0,54129.0,56298,366592,,0
tenantA-user-0058,10,7,3,0.7,16587,36526.8,32266.0,56477.6,61604,365268,ReadTimeout,2
tenantA-user-0088,10,9,1,0.9,20420,36468.8,29722.0,53931.25,55216,364688,ReadTimeout,1
tenantA-user-0030,10,9,1,0.9,15025,36283.5,30936.5,58710.65,61889,362835,ReadTimeout,1
tenantA-user-0068,10,10,0,1.0,20712,36086.6,30430.5,57400.7,60116,360866,,0
tenantA-user-0064,10,9,1,0.9,24049,35830.9,31416.5,52165.8,56439,358309,ReadTimeout,1
tenantA-user-0119,10,7,3,0.7,19370,35752.4,32050.5,54696.7,55882,357524,rate_limit_error,2
tenantA-user-0049,10,8,2,0.8,17470,35738.9,34203.0,53165.7,55683,357389,ReadTimeout,1
tenantA-user-0087,10,9,1,0.9,20084,35415.9,29765.5,60923.15,66077,354159,ReadTimeout,1
tenantA-user-0098,10,10,0,1.0,22092,35142.9,30525.5,55054.9,62227,351429,,0
tenantA-user-0079,10,10,0,1.0,21650,35123.8,33946.5,49907.1,51537,351238,,0
tenantA-user-0042,10,9,1,0.9,17719,34938.7,30294.5,55251.6,59739,349387,rate_limit_error,1
tenantA-user-0034,10,10,0,1.0,19693,34834.8,33953.5,47035.0,47440,348348,,0
tenantA-user-0047,10,10,0,1.0,14990,34830.9,33138.5,52440.05,52625,348309,,0
tenantA-user-0129,10,9,1,0.9,19162,34800.1,32631.5,54307.7,67940,348001,rate_limit_error,1
tenantA-user-0108,10,10,0,1.0,26549,34777.6,30822.0,48673.85,48947,347776,,0
tenantA-user-0109,10,10,0,1.0,21100,34691.9,31981.5,49852.6,52756,346919,,0
tenantA-user-0101,10,9,1,0.9,20235,34519.5,35023.0,47198.05,50110,345195,ReadTimeout,1
tenantA-user-0120,10,9,1,0.9,20820,34163.0,32473.0,50960.5,58579,341630,rate_limit_error,1
tenantA-user-0097,10,9,1,0.9,19522,34121.0,29943.5,58007.35,64423,341210,ReadTimeout,1
tenantA-user-0099,10,9,1,0.9,23737,33946.5,30475.0,49580.6,54410,339465,rate_limit_error,1
tenantA-user-0059,10,10,0,1.0,19538,33880.0,30828.0,48955.3,50326,338800,,0
tenantA-user-0117,10,10,0,1.0,27299,33386.8,30554.5,48697.2,60651,333868,,0
tenantA-user-0053,10,10,0,1.0,19053,33348.7,30037.0,53547.3,54702,333487,,0
tenantA-user-0066,10,8,2,0.8,20512,33225.8,29648.0,51088.75,51901,332258,ReadTimeout,1
tenantA-user-0065,10,9,1,0.9,19246,33204.3,29685.5,49406.45,51341,332043,rate_limit_error,1
tenantA-user-0096,10,9,1,0.9,19799,33198.9,29960.0,57559.4,57563,331989,ReadTimeout,1
tenantA-user-0051,10,10,0,1.0,19612,33095.3,29806.5,51931.1,52526,330953,,0
tenantA-user-0029,10,10,0,1.0,15139,32949.5,28715.0,58455.3,60717,329495,,0
tenantA-user-0027,10,9,1,0.9,15253,32611.0,29548.5,52783.45,55366,326110,rate_limit_error,1
tenantA-user-0013,10,10,0,1.0,15163,32428.0,29939.5,50633.9,50732,324280,,0
tenantA-user-0067,10,9,1,0.9,14523,32351.1,29649.5,52682.45,54716,323511,ReadTimeout,1
tenantA-user-0031,10,9,1,0.9,16523,32163.3,29631.0,54765.95,57533,321633,rate_limit_error,1
tenantA-user-0111,10,8,2,0.8,19898,32149.0,30184.5,46812.75,48084,321490,rate_limit_error,2
tenantA-user-0100,10,9,1,0.9,21190,31864.7,30334.5,47241.65,50114,318647,ReadTimeout,1
tenantA-user-0048,10,9,1,0.9,15537,31774.4,30611.5,53749.45,54478,317744,rate_limit_error,1
tenantA-user-0035,10,9,1,0.9,15068,31762.3,30055.5,51232.15,54973,317623,ReadTimeout,1
tenantA-user-0057,10,10,0,1.0,14231,31539.8,31055.0,45143.8,45970,315398,,0
tenantA-user-0032,10,8,2,0.8,15740,31447.4,24828.5,56379.25,61507,314474,rate_limit_error,1
tenantA-user-0046,10,9,1,0.9,14630,31377.8,30215.0,46952.55,50094,313778,ReadTimeout,1
tenantA-user-0106,10,9,1,0.9,20605,31216.5,29081.5,48772.3,50116,312165,ReadTimeout,1
tenantA-user-0018,10,10,0,1.0,18964,30616.1,28758.0,52650.65,55685,306161,,0
tenantA-user-0038,10,10,0,1.0,15180,30489.4,30292.5,50737.0,53689,304894,,0
tenantA-user-0009,10,10,0,1.0,15466,30279.1,29178.0,47854.75,51736,302791,,0
tenantA-user-0028,10,9,1,0.9,13475,30076.8,25513.5,56789.2,62830,300768,rate_limit_error,1
tenantA-user-0004,10,9,1,0.9,16269,30015.2,28281.0,51070.0,51889,300152,ReadTimeout,1
tenantA-user-0063,10,10,0,1.0,20503,29095.5,28811.5,41912.85,46200,290955,,0
tenantA-user-0015,10,9,1,0.9,15103,28911.0,28969.5,50561.2,53092,289110,rate_limit_error,1
tenantA-user-0052,10,8,2,0.8,14327,28370.2,27129.5,45088.75,50095,283702,ReadTimeout,1
tenantA-user-0016,10,10,0,1.0,15908,27839.9,25926.0,47385.1,60949,278399,,0
tenantA-user-0019,10,10,0,1.0,16261,27427.4,29440.5,40414.55,46256,274274,,0
tenantA-user-0007,10,10,0,1.0,14743,27293.5,23179.5,48829.85,49850,272935,,0
tenantA-user-0025,10,10,0,1.0,14995,27293.1,27968.0,41396.3,42047,272931,,0
tenantA-user-0050,10,10,0,1.0,11389,27034.1,29584.5,35478.5,39398,270341,,0
tenantA-user-0002,10,9,1,0.9,14961,26835.6,24819.0,45418.2,55464,268356,rate_limit_error,1
tenantA-user-0014,10,10,0,1.0,14371,26784.0,28817.5,41168.75,48407,267840,,0
tenantA-user-0008,10,10,0,1.0,17465,26637.7,28400.5,34620.4,35092,266377,,0
tenantA-user-0024,10,10,0,1.0,14941,26268.7,19957.0,48380.05,56629,262687,,0
tenantA-user-0017,10,9,1,0.9,14634,26063.6,24476.5,44850.85,44989,260636,rate_limit_error,1
tenantA-user-0006,10,9,1,0.9,15087,25847.5,24362.0,41292.5,50072,258475,ReadTimeout,1
tenantA-user-0005,10,10,0,1.0,15061,25567.3,23473.0,40278.0,44868,255673,,0
tenantA-user-0023,10,8,2,0.8,16547,25426.3,26782.5,31424.0,31658,254263,rate_limit_error,2
tenantA-user-0040,10,10,0,1.0,15289,25272.3,29445.5,33369.6,35049,252723,,0
tenantA-user-0000,10,10,0,1.0,15278,25244.0,20054.5,44239.45,55264,252440,,0
tenantA-user-0011,10,10,0,1.0,15281,25092.6,19484.0,42946.1,51812,250926,,0
tenantA-user-0001,10,10,0,1.0,14766,24878.9,29523.0,30235.05,30591,248789,,0
tenantA-user-0003,10,9,1,0.9,7124,24379.4,22910.0,42064.7,51557,243794,rate_limit_error,1
tenantA-user-0012,10,10,0,1.0,14055,24047.5,22329.5,38849.85,45846,240475,,0
tenantA-user-0022,10,10,0,1.0,15038,24008.5,24644.5,30366.3,30792,240085,,0
tenantA-user-0021,10,9,1,0.9,14971,23634.4,20488.5,32222.35,33292,236344,rate_limit_error,1
tenantA-user-0010,10,10,0,1.0,15358,22918.8,20603.5,30989.55,31440,229188,,0
